{
	"partitions" : [
		{
			"name" : "Top",
			"pins" : [
				{
					"name" : "Cout",
					"strict" : false
				},
				{
					"name" : "P[0]",
					"strict" : false
				},
				{
					"name" : "P[1]",
					"strict" : false
				},
				{
					"name" : "P[2]",
					"strict" : false
				},
				{
					"name" : "P[3]",
					"strict" : false
				},
				{
					"name" : "P[4]",
					"strict" : false
				},
				{
					"name" : "P[5]",
					"strict" : false
				},
				{
					"name" : "P[6]",
					"strict" : false
				},
				{
					"name" : "P[7]",
					"strict" : false
				},
				{
					"name" : "P[8]",
					"strict" : false
				},
				{
					"name" : "P[9]",
					"strict" : false
				},
				{
					"name" : "Y[4]",
					"strict" : false
				},
				{
					"name" : "X[4]",
					"strict" : false
				},
				{
					"name" : "Y[0]",
					"strict" : false
				},
				{
					"name" : "X[3]",
					"strict" : false
				},
				{
					"name" : "Y[1]",
					"strict" : false
				},
				{
					"name" : "X[2]",
					"strict" : false
				},
				{
					"name" : "X[1]",
					"strict" : false
				},
				{
					"name" : "X[0]",
					"strict" : false
				},
				{
					"name" : "Y[2]",
					"strict" : false
				},
				{
					"name" : "Y[3]",
					"strict" : false
				}
			]
		}
	]
}